<?xml version="1.0"?>
<doc>
    <assembly>
        <name>Skybrud.Colors</name>
    </assembly>
    <members>
        <member name="T:Skybrud.Colors.CmyColor">
            <summary>
            Class representing a color in the <strong>CMY</strong> color model. CMY stands for <em>cyan</em>,
            <em>magenta</em>, and <em>yellow</em>. CMY colors are closely related to <see cref="T:Skybrud.Colors.CmykColor"/>.
            </summary>
        </member>
        <member name="T:Skybrud.Colors.IColor">
            <summary>
            Interface representing a color as described by a color model - eg. <see cref="T:Skybrud.Colors.RgbColor"/> or <see cref="T:Skybrud.Colors.HslColor"/>.
            </summary>
        </member>
        <member name="M:Skybrud.Colors.IColor.ToHex">
            <summary>
            Returns the HEX representation of the color.
            </summary>
            <returns>Returns a HEX string representing the color.</returns>
        </member>
        <member name="M:Skybrud.Colors.IColor.ToCss">
            <summary>
            Returns the CSS representation of the color, or <code>null</code> if the CSS specification doesn't support the color model.
            </summary>
            <returns>Returns an instance of <see cref="T:System.String"/> with the CSS representation of the color.</returns>
        </member>
        <member name="M:Skybrud.Colors.IColor.ToRgb">
            <summary>
            Converts the color to an instance of <see cref="T:Skybrud.Colors.RgbColor"/>.
            </summary>
            <returns>Returns an instance of <see cref="T:Skybrud.Colors.RgbColor"/>.</returns>
        </member>
        <member name="M:Skybrud.Colors.IColor.ToHsl">
            <summary>
            Converts the color to an instance of <see cref="T:Skybrud.Colors.HslColor"/>.
            </summary>
            <returns>Returns an instance of <see cref="T:Skybrud.Colors.HslColor"/>.</returns>
        </member>
        <member name="M:Skybrud.Colors.IColor.ToCmy">
            <summary>
            Converts the color to an instance of <see cref="T:Skybrud.Colors.CmyColor"/>.
            </summary>
            <returns>Returns an instance of <see cref="T:Skybrud.Colors.CmyColor"/>.</returns>
        </member>
        <member name="M:Skybrud.Colors.IColor.ToCmyk">
            <summary>
            Converts the color to an instance of <see cref="T:Skybrud.Colors.CmykColor"/>.
            </summary>
            <returns>Returns an instance of <see cref="T:Skybrud.Colors.CmykColor"/>.</returns>
        </member>
        <member name="M:Skybrud.Colors.IColor.Darken(System.Single)">
            <summary>
            Increases the darkness of the color based on the specified <code>percent</code>.
            </summary>
            <param name="percent">The amount of darkness (specified in percent) that should be added to the color.</param>
            <returns>Returns a new instance of <see cref="T:Skybrud.Colors.IColor"/>.</returns>
        </member>
        <member name="M:Skybrud.Colors.IColor.Lighten(System.Single)">
            <summary>
            Increases the lightness of the color based on the specified <code>percent</code>.
            </summary>
            <param name="percent">The amount of lightness (specified in percent) that should be added to the color.</param>
            <returns>Returns a new instance of <see cref="T:Skybrud.Colors.IColor"/>.</returns>
        </member>
        <member name="M:Skybrud.Colors.CmyColor.#ctor(System.Double,System.Double,System.Double)">
            <summary>
            Initializes a new CMY color based on the specified 
            </summary>
            <param name="cyan">The amount of cyan in the color.</param>
            <param name="magenta">The amount of magenta in the color.</param>
            <param name="yellow">The amount of yellow in the color.</param>
        </member>
        <member name="M:Skybrud.Colors.CmyColor.ToHex">
            <summary>
            Returns the HEX representation of the color.
            </summary>
            <returns>Returns a HEX string representing the color.</returns>
        </member>
        <member name="M:Skybrud.Colors.CmyColor.ToCss">
            <summary>
            Returns the CSS representation of the color. Since the CSS specification doesn't support CMY colors, this
            method will simply return <code>null</code>.
            </summary>
            <returns>Returns <code>null</code> as the CSS specification doesn't support CMY colors.</returns>
        </member>
        <member name="M:Skybrud.Colors.CmyColor.ToRgb">
            <summary>
            Converts the CMY color to an instance of <see cref="T:Skybrud.Colors.RgbColor"/>.
            </summary>
            <returns>Returns an instance of <see cref="T:Skybrud.Colors.RgbColor"/>.</returns>
        </member>
        <member name="M:Skybrud.Colors.CmyColor.ToHsl">
            <summary>
            Converts the CMY color to an instance of <see cref="T:Skybrud.Colors.HslColor"/>.
            </summary>
            <returns>Returns an instance of <see cref="T:Skybrud.Colors.HslColor"/>.</returns>
        </member>
        <member name="M:Skybrud.Colors.CmyColor.ToCmy">
            <summary>
            Returns a new instance of the current CMY color.
            </summary>
            <returns>Returns an instance of <see cref="T:Skybrud.Colors.CmyColor"/>.</returns>
        </member>
        <member name="M:Skybrud.Colors.CmyColor.ToCmyk">
            <summary>
            Converts the CMY color to an instance of <see cref="T:Skybrud.Colors.CmykColor"/>.
            </summary>
            <returns>Returns an instance of <see cref="T:Skybrud.Colors.CmykColor"/>.</returns>
        </member>
        <member name="M:Skybrud.Colors.CmyColor.Darken(System.Single)">
            <summary>
            Increases the darkness of the color based on the specified <code>percent</code>.
            </summary>
            <param name="percent">The amount of darkness (specified in percent) that should be added to the color.</param>
            <returns>Returns a new instance of <see cref="T:Skybrud.Colors.IColor"/>.</returns>
        </member>
        <member name="M:Skybrud.Colors.CmyColor.Lighten(System.Single)">
            <summary>
            Increases the lightness of the color based on the specified <code>percent</code>.
            </summary>
            <param name="percent">The amount of lightness (specified in percent) that should be added to the color.</param>
            <returns>Returns a new instance of <see cref="T:Skybrud.Colors.IColor"/>.</returns>
        </member>
        <member name="M:Skybrud.Colors.CmyColor.ToString">
            <summary>
            Returns a string representation of the CMY color.
            </summary>
            <returns>Returns a string representing the color.</returns>
        </member>
        <member name="P:Skybrud.Colors.CmyColor.C">
            <summary>
            Gets the amount of cyan in the color.
            </summary>
        </member>
        <member name="P:Skybrud.Colors.CmyColor.M">
            <summary>
            Gets the amount of magenta in the color.
            </summary>
        </member>
        <member name="P:Skybrud.Colors.CmyColor.Y">
            <summary>
            Gets the amount of yellow in the color.
            </summary>
        </member>
        <member name="T:Skybrud.Colors.CmykColor">
            <summary>
            Class representing a color in the <strong>CMYK</strong> color model. CMYK stands for <em>cyan</em>,
            <em>magenta</em>, <em>yellow</em> and <code>key</code> (black).
            </summary>
            <see>
                <cref>https://en.wikipedia.org/wiki/CMYK_color_model</cref>
            </see>
        </member>
        <member name="M:Skybrud.Colors.CmykColor.#ctor(System.Double,System.Double,System.Double,System.Double)">
            <summary>
            Initializes a new CMYK color based on the specified 
            </summary>
            <param name="cyan">The amount of cyan in the color.</param>
            <param name="magenta">The amount of magenta in the color.</param>
            <param name="yellow">The amount of yellow in the color.</param>
            <param name="key">The amount of black (key) in the color.</param>
        </member>
        <member name="M:Skybrud.Colors.CmykColor.ToHex">
            <summary>
            Returns the HEX representation of the color.
            </summary>
            <returns>Returns a HEX string representing the color.</returns>
        </member>
        <member name="M:Skybrud.Colors.CmykColor.ToCss">
            <summary>
            Returns the CSS representation of the color. Since the CSS specification doesn't support CMYK colors, this
            method will simply return <code>null</code>.
            </summary>
            <returns>Returns <code>null</code> as the CSS specification doesn't support CMYK colors.</returns>
        </member>
        <member name="M:Skybrud.Colors.CmykColor.ToRgb">
            <summary>
            Converts the CMYK color to an instance of <see cref="T:Skybrud.Colors.RgbColor"/>.
            </summary>
            <returns>Returns an instance of <see cref="T:Skybrud.Colors.RgbColor"/>.</returns>
        </member>
        <member name="M:Skybrud.Colors.CmykColor.ToHsl">
            <summary>
            Converts the CMYK color to an instance of <see cref="T:Skybrud.Colors.HslColor"/>.
            </summary>
            <returns>Returns an instance of <see cref="T:Skybrud.Colors.HslColor"/>.</returns>
        </member>
        <member name="M:Skybrud.Colors.CmykColor.ToCmy">
            <summary>
            Converts the CMYK color to an instance of <see cref="T:Skybrud.Colors.CmyColor"/>.
            </summary>
            <returns>Returns an instance of <see cref="T:Skybrud.Colors.CmyColor"/>.</returns>
        </member>
        <member name="M:Skybrud.Colors.CmykColor.ToCmyk">
            <summary>
            Returns a new instance of the current CMYK color.
            </summary>
            <returns>Returns an instance of <see cref="T:Skybrud.Colors.CmykColor"/>.</returns>
        </member>
        <member name="M:Skybrud.Colors.CmykColor.Darken(System.Single)">
            <summary>
            Increases the darkness of the color based on the specified <code>percent</code>.
            </summary>
            <param name="percent">The amount of darkness (specified in percent) that should be added to the color.</param>
            <returns>Returns a new instance of <see cref="T:Skybrud.Colors.IColor"/>.</returns>
        </member>
        <member name="M:Skybrud.Colors.CmykColor.Lighten(System.Single)">
            <summary>
            Increases the lightness of the color based on the specified <code>percent</code>.
            </summary>
            <param name="percent">The amount of lightness (specified in percent) that should be added to the color.</param>
            <returns>Returns a new instance of <see cref="T:Skybrud.Colors.IColor"/>.</returns>
        </member>
        <member name="M:Skybrud.Colors.CmykColor.ToString">
            <summary>
            Returns a string representation of the CMYK color.
            </summary>
            <returns>Returns a string representing the color.</returns>
        </member>
        <member name="P:Skybrud.Colors.CmykColor.C">
            <summary>
            Gets the amount of cyan in the color.
            </summary>
        </member>
        <member name="P:Skybrud.Colors.CmykColor.M">
            <summary>
            Gets the amount of magenta in the color.
            </summary>
        </member>
        <member name="P:Skybrud.Colors.CmykColor.Y">
            <summary>
            Gets the amount of yellow in the color.
            </summary>
        </member>
        <member name="P:Skybrud.Colors.CmykColor.K">
            <summary>
            Gets the amount of black (key) in the color.
            </summary>
        </member>
        <member name="T:Skybrud.Colors.ColorHelpers">
            <summary>
            Static helper methods for various color calculations.
            </summary>
        </member>
        <member name="M:Skybrud.Colors.ColorHelpers.Max(System.Double,System.Double,System.Double)">
            <summary>
            Returns the maximum value of <code>a</code>, <code>b</code> and <code>c</code>.
            </summary>
            <param name="a">The first value.</param>
            <param name="b">The second value.</param>
            <param name="c">The third value.</param>
            <returns>Returns the maximum value.</returns>
        </member>
        <member name="M:Skybrud.Colors.ColorHelpers.Min(System.Double,System.Double,System.Double)">
            <summary>
            Returns the minimum value of <code>a</code>, <code>b</code> and <code>c</code>.
            </summary>
            <param name="a">The first value.</param>
            <param name="b">The second value.</param>
            <param name="c">The third value.</param>
            <returns>Returns the minimum value.</returns>
        </member>
        <member name="M:Skybrud.Colors.ColorHelpers.Max(System.Single,System.Single,System.Single)">
            <summary>
            Returns the maximum value of <code>a</code>, <code>b</code> and <code>c</code>.
            </summary>
            <param name="a">The first value.</param>
            <param name="b">The second value.</param>
            <param name="c">The third value.</param>
            <returns>Returns the maximum value.</returns>
        </member>
        <member name="M:Skybrud.Colors.ColorHelpers.Min(System.Single,System.Single,System.Single)">
            <summary>
            Returns the minimum value of <code>a</code>, <code>b</code> and <code>c</code>.
            </summary>
            <param name="a">The first value.</param>
            <param name="b">The second value.</param>
            <param name="c">The third value.</param>
            <returns>Returns the minimum value.</returns>
        </member>
        <member name="M:Skybrud.Colors.ColorHelpers.RgbToHslFloat(System.Byte,System.Byte,System.Byte,System.Single@,System.Single@,System.Single@)">
            <summary>
            Converts a RGB color to an HSL color.
            </summary>
            <param name="red">The amount of red in the RGB color.</param>
            <param name="green">The amount of green in the RGB color.</param>
            <param name="blue">The amount of blue in the RGB color.</param>
            <param name="hue">The amount of hue in the HSL color.</param>
            <param name="saturation">The amount of saturation in the HSL color.</param>
            <param name="lightness">The amount of lightness in the HSL color.</param>
        </member>
        <member name="M:Skybrud.Colors.ColorHelpers.RgbToHsl(System.Byte,System.Byte,System.Byte,System.Double@,System.Double@,System.Double@)">
            <summary>
            Converts a RGB color to an HSL color.
            </summary>
            <param name="red">The amount of red in the RGB color.</param>
            <param name="green">The amount of green in the RGB color.</param>
            <param name="blue">The amount of blue in the RGB color.</param>
            <param name="hue">The amount of hue in the HSL color.</param>
            <param name="saturation">The amount of saturation in the HSL color.</param>
            <param name="lightness">The amount of lightness in the HSL color.</param>
        </member>
        <member name="M:Skybrud.Colors.ColorHelpers.HslToRgb(System.Double,System.Double,System.Double,System.Int32@,System.Int32@,System.Int32@)">
            <summary>
            Converts an HSL color to a RGB color.
            </summary>
            <param name="hue">The amount of hue in the HSL color.</param>
            <param name="saturation">The amount of saturation in the HSL color.</param>
            <param name="lightness">The amount of lightness in the HSL color.</param>
            <param name="red">The amount of red in the RGB color.</param>
            <param name="green">The amount of green in the RGB color.</param>
            <param name="blue">The amount of blue in the RGB color.</param>
        </member>
        <member name="M:Skybrud.Colors.ColorHelpers.HslToRgb(Skybrud.Colors.HslColor,System.Int32@,System.Int32@,System.Int32@)">
            <summary>
            Converts the specified <see cref="T:Skybrud.Colors.HslColor"/> to a RGB color.
            </summary>
            <param name="hsl">The instance of <see cref="T:Skybrud.Colors.HslColor"/> to be converted.</param>
            <param name="red">The amount of red in the RGB color.</param>
            <param name="green">The amount of green in the RGB color.</param>
            <param name="blue">The amount of blue in the RGB color.</param>
        </member>
        <member name="M:Skybrud.Colors.ColorHelpers.HslToRgb(Skybrud.Colors.HslColor)">
            <summary>
            Converts an instance of <see cref="T:Skybrud.Colors.HslColor"/> to an instance of <see cref="T:Skybrud.Colors.RgbColor"/>.
            </summary>
            <param name="hsl">The <see cref="T:Skybrud.Colors.HslColor"/> to be converted.</param>
            <returns>Returns an instance of <see cref="T:Skybrud.Colors.RgbColor"/>.</returns>
        </member>
        <member name="M:Skybrud.Colors.ColorHelpers.GetColorComponent(System.Double,System.Double,System.Double)">
            <summary>
            Calculates the color compoment for when converting a HSL color to a RGB color.
            </summary>
            <param name="temp1"></param>
            <param name="temp2"></param>
            <param name="temp3"></param>
            <returns>Returns the color component.</returns>
        </member>
        <member name="M:Skybrud.Colors.ColorHelpers.MoveIntoRange(System.Double)">
            <summary>
            Method used internally for when converting a HSL color to a RGB color.
            </summary>
        </member>
        <member name="M:Skybrud.Colors.ColorHelpers.GetTemp2(Skybrud.Colors.HslColor)">
            <summary>
            Method used internally for when converting a HSL color to a RGB color.
            </summary>
        </member>
        <member name="T:Skybrud.Colors.HslColor">
            <summary>
            Class representing a color in the <strong>HSL</strong> color model. HSL stands for <em>hue</em>,
            <em>saturation</em>, and <em>lightness</em>.
            </summary>
            <see>
                <cref>https://en.wikipedia.org/wiki/HSL_and_HSV</cref>
            </see>
        </member>
        <member name="M:Skybrud.Colors.HslColor.#ctor(System.Double,System.Double,System.Double)">
            <summary>
            Initializes a new HSL color with the specified <code>hue</code>, <code>saturation</code> and
            <code>saturation</code>.
            </summary>
            <param name="hue">The hue value of the HSL color, specified as a decimal number between <code>0</code> and
            <code>0</code>.</param>
            <param name="saturation">The saturation value of the HSL color, specified as a decimal number between
            <code>0</code> and <code>0</code>.</param>
            <param name="lightness">The lightness value of the HSL color, specified as a decimal number between
            <code>0</code> and <code>0</code>.</param>
        </member>
        <member name="M:Skybrud.Colors.HslColor.ToRgb">
            <summary>
            Converts the HSL color to a RGB color.
            </summary>
            <returns>Returns an instance of <see cref="T:Skybrud.Colors.RgbColor"/>.</returns>
        </member>
        <member name="M:Skybrud.Colors.HslColor.ToHsl">
            <summary>
            Returns a new <see cref="T:Skybrud.Colors.HslColor"/> with the same color as specified by the <see cref="P:Skybrud.Colors.HslColor.Hue"/>,
            <see cref="P:Skybrud.Colors.HslColor.Saturation"/> and <see cref="P:Skybrud.Colors.HslColor.Lightness"/> properties.
            </summary>
            <returns>Returns an instance of <see cref="T:Skybrud.Colors.HslColor"/>.</returns>
        </member>
        <member name="M:Skybrud.Colors.HslColor.ToCmy">
            <summary>
            Converts the HSL color to a CMY color.
            </summary>
            <returns>Returns an instance of <see cref="T:Skybrud.Colors.CmyColor"/>.</returns>
        </member>
        <member name="M:Skybrud.Colors.HslColor.ToCmyk">
            <summary>
            Converts the HSL color to a CMYK color.
            </summary>
            <returns>Returns an instance of <see cref="T:Skybrud.Colors.CmykColor"/>.</returns>
        </member>
        <member name="M:Skybrud.Colors.HslColor.Darken(System.Single)">
            <summary>
            Increases the darkness of the color based on the specified <code>percent</code>.
            </summary>
            <param name="percent">The amount of darkness (specified in percent) that should be added to the color.</param>
            <returns>Returns a new instance of <see cref="T:Skybrud.Colors.IColor"/>.</returns>
        </member>
        <member name="M:Skybrud.Colors.HslColor.Lighten(System.Single)">
            <summary>
            Increases the lightness of the color based on the specified <code>percent</code>.
            </summary>
            <param name="percent">The amount of lightness (specified in percent) that should be added to the color.</param>
            <returns>Returns a new instance of <see cref="T:Skybrud.Colors.IColor"/>.</returns>
        </member>
        <member name="M:Skybrud.Colors.HslColor.ToHex">
            <summary>
            Returns the HEX representation of the color.
            </summary>
            <returns>Returns a HEX string representing the color.</returns>
        </member>
        <member name="M:Skybrud.Colors.HslColor.ToCss">
            <summary>
            Returns the CSS representation of the color. The color will be expressed as <code>hsl(0, 0%, 0%)</code>.
            </summary>
            <returns>Returns the CSS representation of the color.</returns>
        </member>
        <member name="M:Skybrud.Colors.HslColor.ToString">
            <summary>
            Returns a string representation of the HSL color.
            </summary>
            <returns>Returns a string representing the color.</returns>
        </member>
        <member name="P:Skybrud.Colors.HslColor.Hue">
            <summary>
            Gets the hue as a number between <code>0</code> and <code>1</code>. For the hue as the
            degrees of a circle, simply multiply by <code>360</code>.
            </summary>
        </member>
        <member name="P:Skybrud.Colors.HslColor.Saturation">
            <summary>
            Gets the saturation as a number between <code>0</code> and <code>1</code>. For the hue
            as percent, simply multiply by <code>100</code>.
            </summary>
        </member>
        <member name="P:Skybrud.Colors.HslColor.Lightness">
            <summary>
            Gets the lightness as a number between <code>0</code> and <code>1</code>. For the hue
            as percent, simply multiply by <code>100</code>.
            </summary>
        </member>
        <member name="P:Skybrud.Colors.HslColor.H">
            <summary>
            Alias of <see cref="P:Skybrud.Colors.HslColor.Hue"/>.
            </summary>
        </member>
        <member name="P:Skybrud.Colors.HslColor.S">
            <summary>
            Alias of <see cref="P:Skybrud.Colors.HslColor.Saturation"/>.
            </summary>
        </member>
        <member name="P:Skybrud.Colors.HslColor.L">
            <summary>
            Alias of <see cref="P:Skybrud.Colors.HslColor.Lightness"/>.
            </summary>
        </member>
        <member name="T:Skybrud.Colors.RgbColor">
            <summary>
            Class representing a color in the <strong>RGB</strong> color model. RGB stands for <em>red</em>,
            <em>green</em>, and <em>blue</em>.
            </summary>
            <see>
                <cref>https://en.wikipedia.org/wiki/RGB_color_model</cref>
            </see>
        </member>
        <member name="M:Skybrud.Colors.RgbColor.#ctor">
            <summary>
            Initializes a new color with default values.
            </summary>
        </member>
        <member name="M:Skybrud.Colors.RgbColor.#ctor(System.Byte,System.Byte,System.Byte)">
            <summary>
            Initializes a new new color based on the specified <code>red</code>, <code>green</code> and <code>blue</code>.
            </summary>
            <param name="red">The amount of red in the color, represented by a value between <code>0</code> and <code>255</code>.</param>
            <param name="green">The amount of green in the color, represented by a value between <code>0</code> and <code>255</code>.</param>
            <param name="blue">The amount of blue in the color, represented by a value between <code>0</code> and <code>255</code>.</param>
        </member>
        <member name="M:Skybrud.Colors.RgbColor.#ctor(System.Int32,System.Int32,System.Int32)">
            <summary>
            Initializes a new new color based on the specified <code>red</code>, <code>green</code> and <code>blue</code>.
            </summary>
            <param name="red">The amount of red in the color, represented by a value between <code>0</code> and <code>255</code>.</param>
            <param name="green">The amount of green in the color, represented by a value between <code>0</code> and <code>255</code>.</param>
            <param name="blue">The amount of blue in the color, represented by a value between <code>0</code> and <code>255</code>.</param>
        </member>
        <member name="M:Skybrud.Colors.RgbColor.#ctor(System.Double,System.Double,System.Double)">
            <summary>
            Initializes a new new color based on the specified <code>red</code>, <code>green</code> and <code>blue</code>.
            </summary>
            <param name="red">The amount of red in the color, represented by a value between <code>0</code> and <code>255</code>.</param>
            <param name="green">The amount of green in the color, represented by a value between <code>0</code> and <code>255</code>.</param>
            <param name="blue">The amount of blue in the color, represented by a value between <code>0</code> and <code>255</code>.</param>
        </member>
        <member name="M:Skybrud.Colors.RgbColor.ToRgb">
            <summary>
            Returns a new <see cref="T:Skybrud.Colors.RgbColor"/> with the same color as specified by the <see cref="P:Skybrud.Colors.RgbColor.Red"/>,
            <see cref="P:Skybrud.Colors.RgbColor.Green"/> and <see cref="P:Skybrud.Colors.RgbColor.Blue"/> properties.
            </summary>
            <returns>Returns a new instance of <see cref="T:Skybrud.Colors.RgbColor"/>.</returns>
        </member>
        <member name="M:Skybrud.Colors.RgbColor.ToHsl">
            <summary>
            Converts the RGB color to an HSL color.
            </summary>
            <returns>Returns an instance of <see cref="T:Skybrud.Colors.HslColor"/>.</returns>
        </member>
        <member name="M:Skybrud.Colors.RgbColor.ToCmy">
            <summary>
            Converts the RGB color to a CMY color.
            </summary>
            <returns>Returns an instance of <see cref="T:Skybrud.Colors.CmyColor"/>.</returns>
        </member>
        <member name="M:Skybrud.Colors.RgbColor.ToCmyk">
            <summary>
            Converts the RGB color to a CMYK color.
            </summary>
            <returns>Returns an instance of <see cref="T:Skybrud.Colors.CmykColor"/>.</returns>
        </member>
        <member name="M:Skybrud.Colors.RgbColor.ToHex">
            <summary>
            Returns the HEX representation of the color.
            </summary>
            <returns>Returns a HEX string representing the color.</returns>
        </member>
        <member name="M:Skybrud.Colors.RgbColor.ToCss">
            <summary>
            Returns the CSS representation of the color. The color will be expressed as <code>rgb(0, 0, 0)</code>.
            </summary>
            <returns>Returns the CSS representation of the color.</returns>
        </member>
        <member name="M:Skybrud.Colors.RgbColor.Darken(System.Single)">
            <summary>
            Increases the darkness of the color based on the specified <code>percent</code>.
            </summary>
            <param name="percent">The amount of darkness (specified in percent) that should be added to the color.</param>
            <returns>Returns a new instance of <see cref="T:Skybrud.Colors.IColor"/>.</returns>
        </member>
        <member name="M:Skybrud.Colors.RgbColor.Lighten(System.Single)">
            <summary>
            Increases the lightness of the color based on the specified <code>percent</code>.
            </summary>
            <param name="percent">The amount of lightness (specified in percent) that should be added to the color.</param>
            <returns>Returns a new instance of <see cref="T:Skybrud.Colors.IColor"/>.</returns>
        </member>
        <member name="M:Skybrud.Colors.RgbColor.ToString">
            <summary>
            Returns a string representation of the RGB color.
            </summary>
            <returns>Returns a string representing the color.</returns>
        </member>
        <member name="P:Skybrud.Colors.RgbColor.Red">
            <summary>
            Gets the amount of red in the color, specified as a value between <code>0</code> and <code>255</code>.
            </summary>
        </member>
        <member name="P:Skybrud.Colors.RgbColor.Green">
            <summary>
            Gets the amount of green in the color, specified as a value between <code>0</code> and <code>255</code>.
            </summary>
        </member>
        <member name="P:Skybrud.Colors.RgbColor.Blue">
            <summary>
            Gets the amount of blue in the color, specified as a value between <code>0</code> and <code>255</code>.
            </summary>
        </member>
        <member name="P:Skybrud.Colors.RgbColor.R">
            <summary>
            Alias of <see cref="P:Skybrud.Colors.RgbColor.Red"/>.
            </summary>
        </member>
        <member name="P:Skybrud.Colors.RgbColor.G">
            <summary>
            Alias of <see cref="P:Skybrud.Colors.RgbColor.Green"/>.
            </summary>
        </member>
        <member name="P:Skybrud.Colors.RgbColor.B">
            <summary>
            Alias of <see cref="P:Skybrud.Colors.RgbColor.Blue"/>.
            </summary>
        </member>
        <member name="T:Skybrud.Colors.Html.HtmlColors">
            <summary>
            Static class will all HTML colors.
            </summary>
        </member>
        <member name="T:Skybrud.Colors.Wcag.WcagConformanceLevel">
            <summary>
            Enum class representing the WCAG conformance level.
            </summary>
        </member>
        <member name="T:Skybrud.Colors.Wcag.WcagHelpers">
            <summary>
            Static helper class for various WCAG calculations.
            </summary>
        </member>
        <member name="M:Skybrud.Colors.Wcag.WcagHelpers.GetRelativeLuminance(Skybrud.Colors.RgbColor)">
            <summary>
            Calculates the relative luminance of a given <code>color</code> as specified by the WCAG 2.0 specification.
            </summary>
            <param name="color">The color.</param>
            <returns>Returns the relative luminance.</returns>
            <see>
                <cref>https://www.w3.org/TR/WCAG20/#relativeluminancedef</cref>
            </see>
        </member>
        <member name="M:Skybrud.Colors.Wcag.WcagHelpers.GetContrastRatio(Skybrud.Colors.RgbColor,Skybrud.Colors.RgbColor)">
            <summary>
            Calculates the constrast ratio of to given colors as specified by the WCAG 2.0 specification.
            </summary>
            <param name="color1">The first color.</param>
            <param name="color2">The second color.</param>
            <returns>Returns the constrast ratio.</returns>
            <see>
                <cref>https://www.w3.org/TR/WCAG20/#contrast-ratiodef</cref>
            </see>
        </member>
    </members>
</doc>
